Name,Category,Type,Address,Cost Range,Tips,Website,Family
Livraria Lello,Skipped,Historic Site,"Rua das Carmelitas 144 4050-161 Porto",8-10 EUR Silver ticket redeemable vs book,"CANCELLED for this trip - not visiting. Replaced on Day 1 by the Museu Nacional Soares dos Reis 8 min west through the Jardim da Cordoaria. Pre-book timed entry online August sells out weeks ahead HP staircase is the star Go at 09:00 on a weekday Buy a 10+ EUR book and entry is effectively free",https://www livrarialello.pt,Moderate crowds overwhelming for small kids older kids love the staircase
Torre dos Clerigos,Main Attraction,Tower Vista,"Rua de Sao Filipe de Nery 4050-262 Porto","Day 10 EUR tower + museum students 7 EUR under 10 free Night 5 EUR flat","DAY 1 ~21:00 NIGHT CLIMB - PRICES SETTLED per official ticket office: night ticket 5 EUR flat tower only = 20 EUR for four. Night sessions 19:00-23:00 last entry 22:30 summer season 3 Jul-11 Oct 2026. Sunset Aug 20 ~20:27 so city fully lit by 21:00. 240-step narrow spiral Only true 360 deg view in Porto",https://www.torredosclerigos.pt/,Good kids enjoy the climb narrow staircase single file
Sao Bento Station,Main Attraction,Architecture Landmark,"Praca Almeida Garrett 4000-150 Porto",Free,"20000+ azulejo panels Arrive before 10am for photography without crowds Look at the upper register most visitors miss the top half of the tile panels",N/A,Excellent free no barriers make it a spot the scene game
Porto Cathedral Se,Main Attraction,Cathedral,"Terreiro da Se 4050-150 Porto","Cathedral nave free cloisters sacristy 3 EUR adults under 10 free","12th-century Romanesque fortress Cloister 3 EUR is worth it 14th-century azulejo panels depict Song of Songs Entry to sacristy via cloister reveals Baroque interior most miss",N/A,Good cloister is a highlight
Igreja do Carmo + Casa Escondida,Main Attraction,Church,"Rua do Carmo 62 4050-173 Porto","Church free paid visitors circuit ~7 EUR person Casa Escondida alone ~2 EUR confirm at the door","DAY 1 exterior DAY 3 OPTION B 17:20 for the paid circuit which covers the catacombs the decorated halls and sacristy and the interior of the 1-metre-wide Casa Escondida built so monks and nuns could not share a wall Summer Apr-Oct daily 09:30-18:00 WARNING working parish Mass closes the circuit without notice most likely Saturday evening The 1912 azulejo mural on the lateral facade is extraordinary stand well back",N/A,Good kids love the absurdity of the sliver house
Cais da Ribeira,Main Attraction,Waterfront,"Cais da Ribeira 4050-545 Porto","Free river cruises 15-25 EUR person","UNESCO World Heritage Most magical at night best photography 7-9am without crowds River cruise is worth it walk-up available Restaurants 12:00-00:00",N/A,Excellent cobblestones tough with pushchairs
Dom Luis I Bridge,Main Attraction,Bridge,"Dom Luis I Bridge Porto","Free Metro across 1.80 EUR","1886 double-decker iron bridge Walk upper deck Porto to Gaia for Ribeira views continue to Jardim do Morro for best postcard panorama Best at golden hour 17:00-19:00 Upper deck 40m high with open metal grating keep small children very close",N/A,Good upper deck has open metal grating
Mercado do Bolhao,Main Attraction,Market,"Rua Formosa 322 4000-248 Porto",Free entry,"Historic indoor market 1914 renovated 2022 Hours Mon-Fri 08:00-20:00 Sat 08:00-18:00 CLOSED SUNDAYS - our departure day is a Sunday so stock up Friday Go before 10am vendors setting up flower stalls at their best Good affordable gifts sardine tins queijo da Serra Culto ao Bacalhau inside for a Michelin lunch upgrade",N/A,Excellent vibrant atmosphere
Palacio da Bolsa,Main Attraction,Palace,"Rua Ferreira Borges 4050-182 Porto","14 EUR adults under 12 free","19th-century neoclassical palace Salao Arabe took 18 years to build Guided tour only specify English on arrival Each hour slot starts fresh guide language is set by first visitors 45-60 min",https://www.palaciodabolsa.pt,Moderate best for ages 8+ guided format hard for very young kids
Igreja de Sao Francisco,Main Attraction,Church,"Rua do Infante D Henrique 4050-150 Porto","9 EUR adults 6.50 students 2.50 EUR children 6-12 under 5 free door prices drifting 8-10 EUR","Summer hours Apr-Sep daily 09:00-20:00 so the Day 1 18:00 slot leaves 2 full hours Tickets in person only cash and card OK Gothic church with most extravagant gilded Baroque interior in Portugal 300+ kg of gilded woodcarving No photography inside Do not skip the ossuary beneath the church",N/A,Good stunning for all ages ossuary may unsettle very young kids
Serralves Museum + Park,Main Attraction,Museum Park,"Rua Joao de Castro 210 4150-210 Porto","Full complex 24 EUR adults under 12 free 12-17 and 65+ around 12 EUR Park only 15 EUR Free Sun mornings check schedule","Contemporary art museum Art Deco villa 18-hectare park Farm animals treetop walk rose garden lake Park may be better than the museum Free Sunday morning is a Porto local institution 2-3 hrs minimum for full park",https://www.serralves.pt,Excellent animals treetop walk gardens
Casa da Musica,Main Attraction,Architecture,"Avenida da Boavista 604-610 4100-109 Porto","Tour 12 EUR under 12 free concerts from 5 EUR","Rem Koolhaas concert hall 2005 Guided tour reveals the extraordinary Sala Sugcia with corrugated gold walls Cheap jazz or chamber music evenings 5-15 EUR are excellent value Tours at 11:00 and 16:00 daily",https://www.casadamusica.com,Good architecture fans only
Museu Nacional Soares dos Reis,Main Attraction,Museum,"Rua Dom Manuel II 44 4050-196 Porto","5 EUR adults 2.50 EUR ages 15-25 under 12 free free Sun 10:00-14:00","DAY 1 14:30 - replaces the cancelled Livraria Lello. Both daughters fit the 15-25 band so 15 EUR for four. Tue-Sun 10:00-18:00 last entry 17:30 closed Mon. Portugal oldest public museum in an 18th-century palace that was Wellington 1809 HQ Often quiet even in peak season Seek out O Desterrado by Antonio Soares dos Reis finest Portuguese 19th-century sculpture",https://museusoaresdosreis.gov.pt/,Yes
Museu do Vinho do Porto,Main Attraction,Museum,"Rua Monchique 45-52 4050-292 Porto","2-2.50 EUR free with Porto Card free Sundays","Port wine history museum in a riverfront warehouse Porto most underrated and underpriced museum Almost no tourists visit Excellent context before the lodges Verify reopening some areas under renovation",N/A,Moderate wine context useful for older kids
Port Wine Lodges Gaia,Main Attraction,Wine Tasting,"Vila Nova de Gaia various addresses","From 12 EUR Quevedo to 70 EUR Graham Vintage Room","Taylor self-guided audio tour 13 languages families love gardens peacock Graham best wine education vintage room is a splurge WOW Chocolate Story and Cork museums are perfect for kids Take the Gaia cable car around 6 EUR one-way down to waterfront after tasting",Various,Good most lodges have non-alcoholic options for kids
Matosinhos Beach,Main Attraction,Beach,"Praia de Matosinhos Matosinhos Porto","Free tidal pools around 3 EUR surf lessons 30-40 EUR","Blue Flag Atlantic beach Lifeguards Jun-Sep Wide sand clean showers After beach walk one block to Rua Herois de Franca for Porto best grilled seafood Fish market runs mornings locals buy fish and take it to nearby restaurants to cook Metro Line A from Trindade 20-25 min Z3 1.85 EUR 2026 fare",N/A,Excellent great beach for families
Foz do Douro + Parque da Cidade,Main Attraction,Neighbourhood Park,"Foz do Douro Porto",Free,"Where Douro meets Atlantic plus Portugal largest urban park 83 ha Take historic Linha 1 tram from Infante Ribeira to Passeio Alegre 6 EUR 2026 fare ages 4-12 3.50 EUR most scenic way to arrive Parque da Cidade connects directly to Matosinhos beach Castelo do Queijo fort at southern tip is free 2-3 hrs for combined walk",N/A,Excellent scenic tram ride beach park
Rua das Flores,Main Attraction,Street,"Rua das Flores Porto",Free,"Pedestrianised historic shopping street connecting Sao Bento to Ribeira Use as linking route Evening live street music Cortico and Netos for authentic azulejo tiles at the top end of the street",N/A,Excellent flat car-free
Jardim do Palacio de Cristal,Main Attraction,Gardens,"Rua Dom Manuel II 4050-155 Porto",Free,"Landscaped public gardens with Douro views Free-roaming peacocks are a highlight for kids Most visitors miss the western belvedere viewpoints walk to the back of the gardens for the finest Douro Valley views Adjacent Museu Romantic 2 EUR makes a good combined morning",N/A,Excellent peacocks roam freely great for young children
Parque da Cidade do Porto,Main Attraction,Park,"Rua de Serralves 4150-708 Porto",Free,"Portugal largest urban park 83 hectares with lake woodland cycle paths direct beach access Enter from the Castelo do Queijo Foz end and walk north through lakeside paths to the dunes and beach Connects directly to Matosinhos beach",N/A,Excellent lots to explore
Casa Museu Guerra Junqueiro,Hidden Gem,Museum,"Rua de Dom Hugo 32 4050-163 Porto",2 EUR,"Baroque palace museum around 1730 Extraordinary sacred art ceramics goldsmithery Almost zero tourists Quiet garden cooling escape Tucked behind the Se on a narrow street most tourists do not find it",N/A,Yes
Cafe da Porta do Olival,Hidden Gem,Cafe,"Rua do Olival near Centro Portugues de Fotografia Porto","Around 1.50 EUR coffee","Porto oldest coffee shop since 1853 Inside the walls you can see 14th-century Fernandina fortification One of the gates was where Queen Philippa of Lancaster entered Porto in the 15th century Almost nobody knows about it",N/A,Yes
Igreja do Carmo Casa Escondida,Hidden Gem,Architecture,"Rua do Carmo 62 4050-173 Porto",Small fee for interior,"1-metre-wide house between two Baroque churches Built so monks and nuns could not share a wall and thus could not interact Only in Porto Kids love the absurdity",N/A,Yes kids love this
Mercado Ferreira Borges Hard Club,Hidden Gem,Venue,"Rua do Infante D Henrique 4050-150 Porto","Events vary often free or low cost","1885 iron market building heritage-listed Never actually used as a market after completion stood empty 100+ years Now Porto most interesting live music venue jazz reggae hip-hop gospel techno exhibitions",https://www.hardclubporto.com,Daytime early evening yes
Passeio das Virtudes,Hidden Gem,Viewpoint,"Passeio das Virtudes Miragaia Porto",Free,"Terraced riverside promenade facing west perfect sunset viewpoint over the Douro Almost entirely locals Bring wine and sit on the terrace Low crowds even in August",N/A,Yes
Jardim das Virtudes,Hidden Gem,Park,"Jardim das Virtudes Miragaia Porto",Free,"Terraced picnic gardens on a Douro hillside Best hidden gem in Porto per SpottedByLocals Locals bring wine blankets books Virtually no tourists Grassy lawns perfect picnic spot",N/A,Yes grassy lawns picnic spot
Miradouro da Vitoria,Hidden Gem,Viewpoint,"Rua de Sao Bento da Vitoria Vitoria Porto",Free,"Hidden viewpoint with 180 deg of Porto rooftops Douro and Gaia Tourists rarely find it Walk up Rua de Sao Bento da Vitoria Best in late afternoon",N/A,Yes
Miradouro das Fontainhas,Hidden Gem,Viewpoint,"Rua das Fontainhas Bonfim Porto",Free,"Only viewpoint in Porto where you can see all 4 bridges simultaneously Very few tourists Community allotments nearby Utterly local",N/A,Yes community allotments nearby
Piscina das Mares Leca da Palmeira,Hidden Gem,Beach Pool,"Avenida da Liberdade Leca da Palmeira Porto",Small public pool fee,"Saltwater tidal pools cut into Atlantic rock by Alvaro Siza Vieira 1966 Two pools adult and children Fed by filtered seawater National Monument Almost entirely unknown to tourists Open Jun-Sep only Kids feel like they are swimming in the actual ocean",N/A,Excellent tidal pools are unique
Afurada Fishing Village,Hidden Gem,Neighbourhood,"Sao Pedro da Afurada Vila Nova de Gaia Porto","Free cheap eats","Traditional fishing village on the Gaia river bank Colourful tiled houses women washing clothes in communal tanks fishing boats unloading Sardines and sea bass grilled dockside for lunch Free heritage museum with traditional wooden boats Take the tiny ferry from Ribeira the ferry crossing is part of the adventure",N/A,Yes ferry is an adventure
Praia de Miramar + Capela do Senhor da Pedra,Hidden Gem,Beach,"Miramar 15 km south of Porto Aveiro line train 20 min",Free,"Beautiful beach with a 17th-century chapel built on an Atlantic rock Rated 10th most beautiful beach in Europe Rock pools dunes playground cafe Chapel has stood in the ocean for 300+ years",N/A,Excellent chapel on rock is iconic
Rua Miguel Bombarda Arts District,Hidden Gem,Arts District,"Rua Miguel Bombarda Cedofeita Porto",Free,"Porto unofficial arts quarter 20+ galleries large-scale murals Don Quixote and Sancho Panza mural 130m2 Six times a year all galleries do simultaneous opening nights Genuine local arts scene",N/A,Yes great for murals
Centro Portugues de Fotografia,Hidden Gem,Museum,"Largo Amor de Perdição 4050-037 Porto",Free,"Free entry 2026 hours daily 10:00-19:00 Photography museum inside a functioning 18th-century prison active until 1970s Each floor once housed a different class of prisoner Spy camera collection on top floor cameras hidden in Pepsi cans Marlboro packs pens Famous inmate Camilo Castelo Branco wrote his masterwork here in 2 weeks",N/A,Yes prison building spy cameras
Museu do Carro Electrico Tram Museum,Hidden Gem,Museum,"Alameda de Basilio Teles 51 4150-127 Porto","8 EUR adults 4 EUR ages 6-25 and 65+ under 6 free LESS 30% if you arrive on Tram 1","DAY 3 OPTION B 15:30 - address corrected to Massarelos riverfront. Sat 10:00-18:00 last entry 17:30. Both daughters fit the 6-25 band so 24 EUR for four and the Tram 1 tickets took 30% off = ~16.80 EUR confirmed at the desk Aug 22 2026. The deal runs both ways - the museum ticket also includes one free tram metro or bus ride within 4 hrs. Show the tram tickets unprompted it is not advertised. 25 historic trams in a former 1915 thermoelectric power plant Porto was the first city in the world with electric trams 1895 Line 1 stops right outside",N/A,Excellent for families free tram ride included
Museu Romantic da Quinta da Macieirinha,Hidden Gem,Museum,"Rua de Entrecampos 56 4150-197 Porto",Small fee,"18th-century country house where King Carlos Alberto of Sardinia died in exile 1849 Recreates mid-19th-century bourgeois home billiards room ballroom period furniture Almost no tourists Easy to combine with Crystal Palace picnic",N/A,Yes
Livraria Poetria,Hidden Gem,Bookshop,"Rua das Oliveiras 72 Cedofeita Porto",Free to browse,"Portugal first bookshop dedicated exclusively to poetry theatre and performing arts since 2003 A hushed soulful space entirely unknown to tourists Hosts readings and literary events",N/A,Yes older children
Parque de Nova Sintra,Hidden Gem,Park,"Rua de Nova Sintra Bonfim Porto",Free,"Former British private estate Reid family 1932 Lush woodland Douro views historic fountains Locals rate it 4.7/5 on Google Entirely local tourists do not find this park Playground woodland paths",N/A,Yes playground woodland
Parque Oriental Campanha,Hidden Gem,Park,"Rua do Freixo Campanha Porto",Free,"Porto Japanese-inspired park bamboo groves oriental garden sections ponds walking trails Almost entirely unknown to tourists Metro to Campanha then 10 min walk",N/A,Yes
Jardim do Morro,Hidden Gem,Viewpoint,"Jardim do Morro Vila Nova de Gaia Porto",Free,"Porto Ribeira straight ahead the classic postcard shot Lively with street performers at weekends Metro Line D to Jardim do Morro Best at sunset Moderate crowds local popular spot",N/A,Yes lively street performers
Muralha Fernandina,Hidden Gem,Historic Site,"Via staircase on Rua de Saraiva de Carvalho Bonfim Porto",Free,"Walking atop 14th-century city walls Extremely rare in Portugal Douro and city views Via staircase on Rua de Saraiva de Carvalho Very low crowds",N/A,Yes
Escadas dos Guindais,Hidden Gem,Viewpoint,"Escadas dos Guindais Batalha to Ribeira Porto",Free,"290-step historic staircase with intimate street-level view of Dom Luis I Bridge from directly below Morning for quiet Older kids only very steep stairs",N/A,Older kids only steep stairs
Passeio das Virtudes Viewpoints,Viewpoint Miradouro,Viewpoint,"Passeio das Virtudes Miragaia Massarelos Porto",Free,"Douro River westward to Foz faces west ideal for sunset Easy walk Low almost entirely locals Best at golden hour sunset",N/A,Yes
Miradouro da Serra do Pilar,Viewpoint Miradouro,Viewpoint,"Serra do Pilar Vila Nova de Gaia Porto",Free,"Best panorama in the area entire Porto skyline Douro all bridges 180 deg sweep Essential viewpoint Metro Line D to Jardim do Morro then walk uphill 8 min Sunset is spectacular",N/A,Yes
Miradouro da Vitoria,Viewpoint Miradouro,Viewpoint,"Rua de Sao Bento da Vitoria Vitoria Porto",Free,"180 deg of Porto rooftops Douro Gaia Late afternoon best Walk up Rua de Sao Bento da Vitoria Low tourists rarely find it",N/A,Yes
Torre dos Clerigos Viewpoint,Viewpoint Miradouro,Tower,"Rua de Sao Filipe de Nery 4050-262 Porto","10 EUR day 5 EUR night","360 deg panorama only true 360 deg view in Porto Our plan climbs at NIGHT Day 1 ~21:00 for the 5 EUR flat ticket lit-up city and no August heat on the 240-step spiral",N/A,Good kids enjoy the climb
Porto Cathedral Miradouro Se,Viewpoint Miradouro,Viewpoint,"Terreiro da Se Porto",Free,"Terrace steps outside the cathedral Classic terracotta-and-river shot rooftops tumbling down to the Douro Best in morning light Moderate crowds",N/A,Good
Crystal Palace Gardens belvedere,Viewpoint Miradouro,Viewpoint,"Rua Dom Manuel II Massarelos Cedofeita Porto",Free,"Douro Valley and Gaia from a park setting Among Porto finest free views Peacocks roam the gardens Walk to western edge of the gardens most visitors miss these viewpoints",N/A,Yes peacocks gardens
Braga Day Trip,Day Trip,Day Trip,"Braga train from Porto Campana around 1 hr","Around 7 EUR return","Historic cathedral Bom Jesus do Monte baroque staircase funicular Excellent for families funicular is a hit with kids Archaeological site of Bracara Augusta Full day or half-day",N/A,Excellent funicular is a hit with kids
Aveiro Day Trip,Day Trip,Day Trip,"Aveiro train from Porto Campana around 1 hr","Around 7.50 EUR return","Portuguese Venice painted moliceiro canal boats Costa Nova striped houses 15 min by bus Art Nouveau architecture ovos moles egg pastries Canal boats are a kids highlight Full day",N/A,Excellent canal boats are a kids highlight
Guimaraes Day Trip,Day Trip,Day Trip,"Guimaraes train from Porto Campana around 75 min","Around 7.20 EUR return","Birthplace of Portugal UNESCO medieval city centre Guimaraes Castle free Ducal Palace 4 EUR Castle has steep drops supervise closely Full day Cobbled streets can be challenging with pushchairs",N/A,Good castle is engaging
Viana do Castelo Day Trip,Day Trip,Day Trip,"Viana do Castelo train around 1.5 hrs","Around 15.70 EUR return","Elegant coastal city Santa Luzia Basilica funicular Gil Eannes hospital ship extraordinary museum kids love it beautiful beaches nearby Full day Gil Eannes ship is the standout for families",N/A,Excellent Gil Eannes ship is the standout for families
Peso da Regua Douro Valley Day Trip,Day Trip,Day Trip,"Peso da Regua Douro line train from Porto Sao Bento 1 hr 55","20 EUR return per adult 2026 fare","OUR OPTION B for Sat Aug 22. 2026 summer timetable: direct trains from Sao Bento 09:25 and 13:25 return 17:13 arriving 19:05 No seat reservations arrive 30 min early sit RIGHT going out LEFT coming back. Downstream Regua-Porto boats leave 10:00-10:30 only so train-out-boat-back no longer connects - do train both ways + 2 hr Regua-Pinhao mini-cruise or a packaged boat day Book boat by Fri Aug 14",N/A,Good primarily for the journey
Amarante Day Trip,Day Trip,Day Trip,"Amarante bus from Porto Rodonorte terminal around 1 hr","Around 8 EUR return","Beautiful medieval town Sao Goncalo monastery on the river Tamega river park romantic bridges Fewer bus services plan around schedule Half-day to full day",N/A,Yes
Coimbra Day Trip,Day Trip,Day Trip,"Coimbra fast train from Porto Campana around 1hr 15min","Around 30 EUR return fast train","Portugal dos Pequeninos open-air miniature park childrens highlight medieval university aqueduct old city Manageable but a long day Full day",N/A,Yes Portugal dos Pequeninos is unmissable for kids
Sintra Day Trip,Day Trip,Day Trip,"Sintra train Porto to Lisbon 3 hrs plus Sintra line",High,"NOT recommended as day trip from Porto 7+ hrs of travel for around 4 hrs at destination Visit from Lisbon instead Palaces and gardens are extraordinary but the logistics are brutal",N/A,Visit from Lisbon
Ribeira,Neighbourhood,Neighbourhood,"Ribeira Porto",Free,"UNESCO medieval waterfront the tourist heart of Porto Cobblestoned colourful lively Cais da Ribeira Dom Luis I Bridge river cruises street performers Walk from centre",N/A,Good cobblestones tough with pushchairs
Miragaia,Neighbourhood,Neighbourhood,"Miragaia Porto",Free,"Quieter alternative to Ribeira medieval origins former Jewish quarter authentic Passeio das Virtudes Jardim das Virtudes Museu do Carro Electrico Photography Centre Walk from Ribeira 20 min",N/A,Yes quieter and more relaxed
Bonfim,Neighbourhood,Neighbourhood,"Bonfim Porto",Free,"Flat rare in Porto young hip genuinely local Best neighbourhood for day-to-day authenticity Miradouro das Fontainhas all 4 bridges Parque de Nova Sintra Mercado de Bonfim Metro to Bolhao plus 10 min walk Pushchair-friendly unusual for Porto",N/A,Yes pushchair-friendly unusual for Porto
Cedofeita,Neighbourhood,Neighbourhood,"Cedofeita Porto",Free,"Arts independent shops cafe culture Porto most bohemian district Rua Miguel Bombarda galleries murals Crystal Palace Gardens Livraria Poetria Walk from centre Metro",N/A,Yes
Massarelos,Neighbourhood,Neighbourhood,"Massarelos Porto",Free,"Quiet residential great cultural anchors Palacio de Cristal Gardens peacocks Serralves path Museu Romantic Tram Museum Walk Tram 1",N/A,Excellent Crystal Palace is the best free family spot in Porto
Foz do Douro,Neighbourhood,Neighbourhood,"Foz do Douro Porto",Free,"Upmarket coastal neighbourhood where Porto goes to exhale Parque da Cidade Castelo do Queijo beach coves Pergola da Foz Tram 1 Uber around 8 EUR from centre",N/A,Excellent
Boavista,Neighbourhood,Neighbourhood,"Boavista Porto",Free,"Modern Porto wide tree-lined avenues residential and commercial Casa da Musica exterior tour Serralves Museum Park Metro Uber",N/A,Yes
Vila Nova de Gaia,Neighbourhood,Neighbourhood,"Vila Nova de Gaia south bank of Douro",Free,"Port wine lodge territory increasingly vibrant riverside district Port wine lodges Gaia cable car Jardim do Morro best Porto panorama Afurada fishing village Walk across Dom Luis I Bridge Metro Line D",N/A,Excellent
Matosinhos,Neighbourhood,Neighbourhood,"Matosinhos Porto Metro Line A around 27 min from Trindade",Free,"Locals beach town the seafood capital of Porto Atlantic beach SEA LIFE Porto Piscina das Mares north fish market Metro Line A",N/A,Excellent
Chapel of Souls (Capela das Almas),Hidden Gem,Church,"Rua de Santa Catarina at Rua de Fernandes Tomas Porto",Free,"Over 15000 azulejo tiles cover every centimetre of the exterior facade installed in 1929 One of the most photogenic and freely accessible spots in Porto Stand at the corner to see the full tiled facade The interior is a working church and modest the exterior is the attraction Natural pairing with Cafe Majestic 100m away",N/A,Excellent
Cafe Majestic,Hidden Gem,Cafe,"Rua de Santa Catarina 112 Porto","5-7 EUR coffee","Belle Epoque cafe 1921 one of the most beautiful cafe interiors in Europe Gilded mirrors carved mahogany Art Nouveau cherubs chandeliers and white-jacketed waiters J K Rowling reportedly frequented it Go for the architecture not the coffee price Natural pairing with Chapel of Souls 100m away",N/A,"Yes, older children appreciate it"
Funicular dos Guindais,Hidden Gem,Funicular,"Bottom station at Cais da Ribeira top at Batalha Square Porto","3.50 EUR one-way 2026 fare","Drops from the Batalha plateau down to the waterfront in 2 minutes Stunning slope views of the Douro and Dom Luis I Bridge Summer hours ~08:00-22:00 Fri-Sat to midnight Most tourists do not know it exists Kids love the ride Free alternative the 290-step Escadas dos Guindais beside it",N/A,Yes kids love the ride
Farol das Felgueiras,Hidden Gem,Lighthouse Walk,"Foz do Douro Porto",Free,"Walk the 300m Felgueiras breakwater to the red lighthouse at the exact point where the Douro meets the Atlantic Atlantic on one side Douro on the other Combine with Pergola da Foz promenade Rocks can be slippery supervise children carefully",N/A,"Yes, dramatic but watch footing on wet rocks"
Half Rabbit by Bordalo II,Hidden Gem,Street Art,"Near Rua Serpa Pinto Vila Nova de Gaia Porto",Free,"Giant rabbit sculpture assembled entirely from recycled plastic waste and trash Portuguese artist Bordalo II Environmental message delivered at extraordinary scale One of his most spectacular pieces Kids are floored by the scale",N/A,Yes kids absolutely love it
Cemiterio de Agramonte,Hidden Gem,Cemetery,"Rua do Agramonte Cedofeita Porto",Free,"Porto most beautiful Victorian cemetery 19th-century romantic necropolis Gothic Revival chapels elaborate mausoleums Art Nouveau iron gates tree-lined avenues of monumental funerary sculpture Opened 1855 Almost no tourists Porto equivalent of Pere Lachaise but quieter and more intimate",N/A,"Yes, perfect for a family that appreciates cemeteries"
"Quem és Porto? Community Tile Mural","Hidden Gem","Street Art / Participatory Art","Multiple locations across Porto neighbourhoods","Free","Participatory tile art project by the ±maismenos± collective — residents decorate their own neighbourhood tiles. Look for them in Bonfim and Cedofeita. A living city-wide installation unlike anything else.","N/A","Excellent for kids — spot the tiles game"
"Cortiço & Netos","Hidden Gem","Azulejo Tile Shop","Rua das Flores 31 4050-265 Porto","€5–200+ (antique and reproduction tiles)","The authentic azulejo tile shop in Porto — real antique panels and quality reproductions, not tourist ceramics. Top of Rua das Flores near Cordoaria. Knowledgeable family-run shop since 1971.","N/A","Good — tiles make great souvenirs kids can carry"
7 Bridges Sunset Cruise,Activity / Cruise,River Cruise,"430 Rua da Praia, Vila Nova de Gaia, 4400-554 Porto","€35-45/person","BOOKED - ref GYG7VKRQ9BVG, Lecaodouro, 4 people, 18:45-20:45. Meet at door C - Gaia side, not Cais da Ribeira.",https://www.getyourguide.com/,Good — scenic and short but check age-suitability for very young kids
Teleferico de Gaia,Main Attraction,Cable Car,"Cais de Gaia to Jardim do Morro Vila Nova de Gaia","7 EUR one-way 10 EUR return ages 5-12 3.50 EUR one-way 5 EUR return family 2+2 return 22.50 EUR","DAY 1 Gaia loop FARES CONFIRMED 2026 official site - they jumped so one-way up is 28 EUR for our four teens pay adult. Season Apr 26-Sep 24 daily 10:00-20:00 Five-minute glide directly over the port-lodge rooftops Take it UP so it does the 60m climb for you then cross back on the bridge upper deck",https://gaiacablecar.com/,Excellent
Cais de Gaia,Main Attraction,Waterfront,"Avenida de Diogo Leite 4400-111 Vila Nova de Gaia",Free,"DAY 1 Gaia loop The quay in front of the port lodges rabelo boats moored up and the whole Porto hillside facing you The postcard view OF Porto which you cannot get from Porto itself",N/A,Yes
Mosteiro da Serra do Pilar,Skipped,Monastery,"Largo de Aviz 4430-329 Vila Nova de Gaia","1 EUR cloister 3 EUR bell tower when open","STILL CLOSED - re-checked Aug 5 2026: official Patrimonio Cultural ticket office lists it temporarily closed for requalification works no reopening date. The 1.86M EUR works began Jan 2026 on a ~240-day programme running into late Sep. UNESCO listed Portugal only fully circular church AND circular cloister Outdoor miradouro status also unconfirmed Do not plan Jardim do Morro has the same panorama",N/A,Yes if it reopens
Igreja de Santa Clara,Main Attraction,Church,"Largo 1 de Dezembro 4050-383 Porto","5 EUR 4 EUR students seniors free under 10 official 2026","DAY 2 10:45 - best addition to the three Porto days 5 min from the Se tucked against the medieval Fernandina wall Plain Gothic shell from the 1400s hiding one of the largest surviving expanses of Portuguese talha dourada walls ceiling and columns entirely sheathed in gilded oak Far quieter than Sao Francisco Daily 09:00-13:00 and 14:00-18:00 last entry 30 min before close NO visits during Mass Tue and Sat visits end 17:00 for the 18:00 Mass - our Friday slot is clear",N/A,Excellent
Igreja e Museu da Misericordia MMIPO,Main Attraction,Church + Museum,"Rua das Flores 5 4050-265 Porto","5 EUR full 2.50 students and 65+ family of 4 16 EUR free under 7 official 2026","DAY 2 14:45 - replaces Palacio da Bolsa Zero detour you already walk down Rua das Flores PRICES SETTLED official: summer daily 10:00-18:30 Apr-Sep With two student IDs individual tickets total 15 EUR and beat the 16 EUR family ticket Ticket covers both museum and church Centrepiece is Fons Vitae c.1520 a Flemish panel showing Dom Manuel I and family kneeling at the crucified Christ Also Portugal largest portrait collection ~500 works",https://www.mmipo.pt/,Good
Igreja dos Congregados,Hidden Gem,Church,"Praca de Almeida Garrett 4000-069 Porto",Free,"WALK-BY 1 min directly across from Sao Bento station Azulejo facade by Jorge Colaco same artist as the Sao Bento panels and Santo Ildefonso Exterior is the point",N/A,Yes
Igreja dos Grilos Sao Lourenco,Hidden Gem,Church,"Largo do Colegio 3 4050-208 Porto","MASA museum price and hours unconfirmed","WALK-BY 2 min immediately below the Se terrace Jesuit built 1577-1622 Mannerist facade carrying the Tavora arms founder buried inside Houses the MASA sacred-art and archaeology museum but hours and price could not be confirmed treat the interior as a bonus and the facade as the visit",N/A,Yes
Igreja de Santo Ildefonso,Hidden Gem,Church,"Praca da Batalha 1 4000-102 Porto","Free outside ~1 EUR inside","WALK-BY Rua de Santa Catarina ends right at it 1739 proto-Baroque church fronted with ~11000 azulejos laid in 1932 by Jorge Colaco scenes from the life of St Ildefonsus in deep cobalt Third Colaco facade of the day Interior plain by comparison the tiles are the reason",N/A,Yes
Mosteiro de Sao Bento da Vitoria,Hidden Gem,Monastery,"Rua de Sao Bento da Vitoria 45 4050-543 Porto",Free outside,"WALK-BY on the 17:45 Miragaia route Vast 17th-century Benedictine monastery built on the medieval Jewish quarter NOT a walk-in church any more belongs to Teatro Nacional Sao Joao interior opens for performances and scheduled tours only Walk the facade then carry on 2 min to the Miradouro da Vitoria beside it",N/A,Yes
Jardim do Passeio Alegre,Hidden Gem,Garden,"Passeio Alegre Foz do Douro 4150-570 Porto",Free,"DAY 3 OPTION B 14:00 19th-century promenade garden at the river mouth palms obelisks bandstand chess tables The Tram 1 terminus sits here so it is both the arrival and the departure point of the Foz afternoon",N/A,Yes
Capela de Sao Miguel-o-Anjo,Hidden Gem,Chapel Lighthouse,"Rua do Passeio Alegre Foz do Douro 4150-570 Porto",Free exterior,"DAY 3 OPTION B 1527 chapel AND lighthouse in one building the oldest lighthouse in Portugal raised by Bishop Dom Miguel da Silva to guide ships over the Douro bar National Monument the size of a garage and almost nobody stops",N/A,Yes
Igreja de Sao Joao Baptista da Foz,Church,Church,"Largo da Igreja Foz do Douro 4150-Porto",Free,"DAY 3 OPTION B ~14:20 Foz parish church mid-1600s Plain outside and inside one of the best Johannine gilded altarpieces in Porto plus eight side altars of talha dourada The Santa Clara effect at village scale with no ticket and no queue",N/A,Yes
Pergola da Foz,Hidden Gem,Promenade,"Avenida do Brasil Foz do Douro Porto",Free,"DAY 3 OPTION B The 1930s seafront colonnade a Porto mayor wife copied from Nice Walk it north as far as the legs want and turn back at any point Best in wind",N/A,Yes
Igreja de Sao Martinho de Cedofeita,Church,Church,"Largo do Priorado 72 4050-466 Porto",Free,"DAY 3 OPTION B 18:10 The oldest church in Porto a Romanesque rebuild of the 1100s on a 6th-century Suevi foundation Cito Facta meaning made quickly gave the quarter its name WARNING interior opens Tue-Fri 16:00-19:00 only so Saturday is an exterior visit",N/A,Yes
